Lists_of_deaths_by_year,link,13788
Yakutsk,link,10555
Robert_F._Kennedy,link,13275
Royal_Rumble_(2016),link,11648
Dark_(TV_series),link,12005
Black_Mirror,link,11736
List_of_Black_Mirror_episodes,link,26850
Fifteen_Million_Merits,link,15953
Alabama_Crimson_Tide_football,link,10144
The_Disaster_Artist_(film),link,13967
The_Room_(film),link,42365
HTTP_cookie,link,15781
Exo_(band),link,13604
Akihito,link,17436
List_of_Black_Mirror_episodes,link,37458
The_National_Anthem_(Black_Mirror),link,13582
Insidious:_The_Last_Key,link,11055
Donald_Trump,link,25614
Marla_Maples,link,21978
Fear_the_Walking_Dead,link,16794
England,link,11765
Michelle_Williams_(actress),link,31455
Murder_on_the_Orient_Express_(2017_film),link,16701
Mia_Khalifa,link,14524
Morena_Baccarin,link,14887
A._A._Milne,link,21228
Bright_(film),link,11641
New_England_Patriots,link,10431
Marcus_Aurelius,link,12792
Aditi_Rao_Hydari,link,23360
Vladimir_Putin,link,13812
Titans_(2018_TV_series),link,10826
Call_Me_by_Your_Name_(film),link,12032
Generation_X,link,16495
Millennials,link,15465
Macaulay_Culkin,link,14943
Ashton_Kutcher,link,26477
List_of_Running_Man_episodes,link,24953
Seinfeld,link,11567
It_(2017_film),link,12617
Arda_Turan,link,10823
IKEA,link,19160
Altered_Carbon_(TV_series),link,18308
Johnny_Depp,link,20621
Spice_Girls,link,16348
Star_Trek:_The_Next_Generation,link,11417
Goodfellas,link,10715
James_Cameron,link,13336
Shameless_(season_8),link,19682
Doggy_style,link,10629
Vikings_(season_5),link,19675
Call_of_Duty,link,14088
Charlie_Chaplin,link,10101
Donald_Sutherland,link,13781
Black_Panther_(film),link,10506
Fleetwood_Mac,link,12509
The_Shape_of_Water_(film),link,14276
Shinee,link,10018
List_of_Vikings_episodes,link,47777
James_Bond,link,13228
Eva_Mendes,link,11965
Rajinikanth,link,10194
Nosedive,link,23047
Ricky_Martin,link,18567
Bee_Gees,link,31586
Julia_Roberts,link,19385
Barack_Obama,link,16410
Zoe_Perry,link,11684
Lady_Bird_(film),link,31944
Olivia_Munn,link,17683
Rachel_Riley,link,12149
Paddington_2,link,14694
The_Cranberries,link,27016
Boston_Marathon_bombing,link,17752
Dark_web,link,13746
Coffee_Lake,link,10676
Star_Wars,link,13225
Taika_Waititi,link,13176
Brad_Pitt,link,18756
Backstreet_Boys,link,14367
Led_Zeppelin,link,16518
Juliette_Danielle,link,10600
The_Disaster_Artist_(film),link,16904
Dan_Bilzerian,link,10566
Thugs_of_Hindostan,link,12588
Saoirse_Ronan,link,24007
90th_Academy_Awards,link,25858
75th_Golden_Globe_Awards,link,29947
Greta_Gerwig,link,23680
Tony_Shalhoub,link,18474
Cristiano_Ronaldo,link,12277
FC_Barcelona,link,11866
90th_Academy_Awards,link,16319
Deaths_in_2018,link,12384
The_Foreigner_(2017_film),link,19125
Peaky_Blinders_(TV_series),link,10523
Charlie_Brooker,link,30382
Thor:_Ragnarok,link,37764
WrestleMania_33,link,24528
Royal_Rumble_(2018),link,22863
WrestleMania,link,31347
2017_in_film,link,22848
Dwayne_Johnson_filmography,link,13088
Jumanji,link,48230
The_Crown_(TV_series),link,26346
Grigori_Rasputin,link,12507
ABBA,link,24638
Backstreet_Boys,link,17559
Super_Bowl_LIII,link,34130
This_Is_Us_(TV_series),link,19522
Michael_Jackson,link,25227
Hugh_Jackman,link,20048
P._T._Barnum,link,21935
Zac_Efron,link,15067
Jumanji:_Welcome_to_the_Jungle,link,15484
75th_Golden_Globe_Awards,link,11607
Zendaya,link,14454
Manuel_Ferrara,link,13649
Star_Wars:_The_Last_Jedi,link,11551
Dove_Cameron,link,11187
Stephen_Curry,link,10144
Revival_(Eminem_album),link,12295
UFC_Fight_Night:_Stephens_vs._Choi,link,13365
Robert_Mercer_(businessman),link,13747
Rebel_Wilson,link,11025
Bee_Gees,link,26568
Cardcaptor_Sakura:_Clear_Card,link,23862
Game_of_Thrones,link,36223
The_Big_Bang_Theory,link,12442
YouTube,link,11340
Pirates_of_the_Caribbean:_Dead_Men_Tell_No_Tales,link,11193
Bryce_Dallas_Howard,link,10463
Taron_Egerton,link,11012
Marie_Antoinette,link,13834
Keeping_Up_with_the_Kardashians,link,16262
Pentatonix,link,15352
USA_Gymnastics_sex_abuse_scandal,link,22243
Prabhas,link,14946
Peaky_Blinders_(TV_series),link,18594
Apollo_13,link,10751
Padmaavat,link,18759
List_of_highest-grossing_Indian_films,link,21578
Jessica_Falkholt,link,14756
Mark_Salling,link,23103
Tia_Mowry,link,11325
Jessica_Biel,link,15966
2018_Winter_Olympics,link,14417
Impact_Global_Championship,link,13018
Meryl_Streep,link,14045
Mom_(film),link,12502
Kingsman:_The_Golden_Circle,link,20283
Deadpool_(film),link,13666
2018_in_film,link,10659
Blade_Runner,link,21400
Blade_Runner_2049,link,14534
Mary-Louise_Parker,link,10642
Black_Panther_(film),link,22409
Audrey_Hepburn,link,14059
Helena_Bonham_Carter,link,11172
Yara_Shahidi,link,27161
Ragnar_Lodbrok,link,19973
The_Maze_Runner_(film),link,11526
Maze_Runner:_The_Death_Cure,link,26085
"I,_Tonya",link,25327
Rafael_Nadal,link,11766
Roger_Federer,link,16468
Kate_Winslet,link,13660
Robin_Cavendish,link,11884
Jeff_Goldblum,link,14386
Science,link,20392
Tiger_Shroff,link,11471
Morgan_Freeman,link,29503
Danny_DeVito,link,10232
Asa_Akira,link,12878
UFC_Fight_Night:_Machida_vs._Anders,link,88161
List_of_UFC_events,link,30407
UFC_Fight_Night:_Cowboy_vs._Medeiros,link,20686
Wonder_(film),link,13028
Cali_Cartel,link,14007
Malik_Kafur,link,12606
Eliza_Dushku,link,12840
Cate_Blanchett,link,20141
90th_Academy_Awards,link,10320
The_Greatest_Showman,link,11763
"I,_Tonya",link,10949
Monster_Hunter,link,16027
Mariah_Carey,link,15392
Nirvana_(band),link,10912
List_of_Black_Mirror_episodes,link,31493
San_Junipero,link,19701
2018_ATP_World_Tour,link,36509
2018_Australian_Open,link,197060
Gary_Oldman,link,20147
Fresh_Off_the_Boat,link,14820
Solo:_A_Star_Wars_Story,link,17690
NXT_TakeOver:_WarGames,link,11053
Charles_Manson,link,16400
Mariska_Hargitay,link,20678
Casey_Affleck,link,18597
UFC_Fight_Night:_Stephens_vs._Choi,link,13732
Nayanthara,link,16600
Danica_Patrick,link,18411
2018_Australian_Open,link,19913
Robert_Redford,link,12712
Milo_Ventimiglia,link,10618
2011_NBA_draft,link,12146
Allison_Janney,link,14511
2018_Winter_Olympics,link,15946
Song_Hye-kyo,link,11147
Avenged_Sevenfold,link,10554
George_V,link,13264
The_Bangles,link,14491
Aruvi,link,30503
The_Assassination_of_Gianni_Versace:_American_Crime_Story,link,49460
Bright_(film),link,28144
Dan_Brown,link,10392
Volkswagen,link,10260
Elon_Musk,link,10909
Wonders_of_the_World,link,10577
Alauddin_Khalji,link,45947
List_of_Bollywood_films_of_2018,link,11081
UFC_220,link,23252
FC_Barcelona,link,10540
Offset_(rapper),link,14766
Migos,link,58804
Fargo_(TV_series),link,10481
Nashville_(2012_TV_series),link,13037
Jane_Fonda,link,15432
Ajith_Kumar,link,18362
Ex_Battalion,link,10698
List_of_oldest_companies,link,17749
Deadpool_2,link,10084
Cobie_Smulders,link,17307
"Prithvi_Vallabh_-_Itihaas_Bhi,_Rahasya_Bhi",link,17955
"Princess_Margaret,_Countess_of_Snowdon",link,74266
"Antony_Armstrong-Jones,_1st_Earl_of_Snowdon",link,20507
Brittany_Murphy,link,17567
2018_in_film,link,10740
List_of_longest_bridges,link,13331
Martin_McDonagh,link,20856
Laura_Prepon,link,22287
San_Junipero,link,31212
Brooklyn_Nine-Nine,link,18300
Brittany_Snow,link,17457
